2021-1-1清洗3#、4#、5#过滤器                                 6:58分再生2#阳床，进酸浓度：3.0% 3.0%,2021-1-1                                                     13:41再生2#阴床，进碱浓度：3.0% 3.0%                   15:20分中和排水 PH：1# 8.9  2# 9.0,2021-1-1清洗3#、4#、5#过滤器                                 16:32分再生3#阳床，进酸浓度：3.0% 3.0%
2021-1-2清洗3#、4#、5#过滤器,2021-1-2清洗4#过滤器,"2021-1-2清洗1#、3#过滤器
16:27再生2#阴床，进碱浓度：3.0% 3.0%                   18:30分中和排水 PH：1# 8.8  2# 7.6
20:42分再生2#阳床，进酸浓度：3.0% 3.0%"
2021-1-3清洗4#、5#过滤器,,2021-1-3清洗1#、3#过滤器                                            16:20再生3#阴床，进碱浓度：3.0% 3.0%                   18:28分中和排水 PH：1# 9.5  2# 7.0                22:56分再生2#阳床，进酸浓度：3.0% 3.0%
2021-1-4                                           02:08再生2#阴床，进碱浓度：3.0% 3.0%                   04:25分中和排水 （PH：1# 7.7  2# 8.41 ）               06:22分再生3#阳床，进酸浓度：3.0% 3.0%,"2021-1-412:26再生1#阴床，进碱浓度：3.2% 3.0%    
14:30分中和排水 （PH：1# 8.1  2# 7.6 ）  ",2021-1-416:00分再生2#阳床，进酸浓度：3.0% 3.0%
"2021-1-5清洗1#、3#过滤器
1：00分中和排水 （PH：1# 8.5  2# 8.7 ）  
2:12分再生3#阳床，进酸浓度：3.0% 3.0%",2021-1-5清洗4#、5#过滤器,2021-1-5清洗1#、3#过滤器                                 20:09分再生2#阳床，进酸浓度：3.0% 3.0%             23:10分中和排水（PH 1# 8.4 2# 8.4)
2021-1-6清洗1#、3#过滤器                                 4:20分再生3#阳床，进酸浓度：3.0% 3.0%             ,"2021-1-6清洗4#、5#过滤器                                 10：57分再生3#阴床，进碱浓度：3.2% 3.0%  
 14:20分中和排水（PH 1# 8.6 2# 8.2)",2021-1-6清洗3#、4#过滤器                            20:00分再生2#阳床，进酸浓度：3.0% 3.0%
2021-1-7清洗1#、3#、4#、5#过滤器,2021-1-7清洗4#、5#过滤器                               11:05分再生2#阴床，进碱浓度：3.2% 3.0%     13:20分中和排水 （PH：1# 7.7  2# 8.41 ）        14:56分再生3#阳床，进酸浓度：3.0% 3.0%,2021-1-718:52分再生1#阴床，进碱浓度：3.2% 3.0%     21:28分中和排水 （PH：1# 8.4  2# 5.69 ）        22:45分再生2#阳床，进酸浓度：3.0% 3.0%
2021-1-8清洗1#、3#、4#、5#过滤器,2021-1-8清洗4#、5#过滤器                           10:30分中和排水 （PH：1# 8.4  2# 5.69 ）,2021-1-817:22再生1#混床，进碱浓度：2.5% 2.5%，进酸浓度：2.6% 2.6%                                21:43分中和排水 （PH：1# 5.4  2# 5.82 ）      根据水质205b由10%调节到20%
2021-1-9清洗3#、4#、5#过滤器                       00:53再生3#阳床，进碱浓度：3.0% 3.1%，    04:19再生2#阳床，进碱浓度：3.3% 3.1%，     06:30分中和排水 （PH：1# 7.81  2# 8.26 ） ,2021-1-913:37分再生3#混床，进酸浓度：3.0%，3.0%。进碱浓度：3.0%，3.0%.,2021-1-9清洗3#、4#、5#过滤器                       20:46分中和排水 （PH：1# 7.81  2# 8.26 ）
2021-1-10清洗1#、3#、4#、5#过滤器,2021-1-1008：48再生2#阳床，进碱浓度：3.0% 3.1%          10:07分再生3#阴床，进碱浓度：3.2% 3.0%      13:12分中和排水 （PH：1# 7.81  2# 8.26 ）       14:33再生3#阳床，进碱浓度：3.0% 3.1%,2021-1-10清洗1#、3#、4#、5#过滤器
2021-1-11清洗3#、4#、5#过滤器,"2021-1-11清洗5#过滤器
12:58分再生2#阴床，进碱浓度：3.2% 3.1%  
15:05分中和排水 （PH：1# 8.16  2# 8.52 ） ",2021-1-11清洗3#、4#过滤器                                               16:12再生3#阳床，进碱浓度：3.0% 3.1%
2021-1-12清洗1#、3#、5#过滤器                                               04:10分再生2#阳床，进酸浓度：3.0% 3.1%       06:15分中和排水 （PH：1# 5.43  2# 8.61 ）  07：26分再生1#阴床，进碱浓度：3.0% 3.0%,2021-1-12清洗1#、4#、5#过滤器,2021-1-12清洗1#、3#、4#、5#过滤器                                                         20:55分再生2#阳床，进酸浓度：3.0% 3.1%             22:50分中和排水 （PH：1# 9.43  2# 9.05 ）
2021-1-13清洗3#、4#、5#过滤器                                       0:49分再生3#阳床，进酸浓度：3.0% 2.8%                   3：00分再生3#阴床，进碱浓度：3.0% 3.0%      5:35分中和排水（PH：1# 7.41  2# 6.64 ）  ,2021-1-13清洗4#、5#过滤器 ,2021-1-1317:12分再生2#阳床，进酸浓度：3.0% 2.8% 
2021-1-14清洗3#、4#、5#过滤器    ,2021-1-1414:20分再生2#阴床，进碱浓度：3.2% 3.0%    ,2021-1-1416:30分中和排水（PH 1# 7.4 2# 7.8）            18:50分再生3#阳床，进酸浓度：3.0% 3.0%         21:24分再生1#阳床，进酸浓度：2.8% 2.8%         23:42分中和排水（PH 1# 8.5 2# 8.6）
2021-1-1501:50分再生2#阳床，进酸浓度：3.0% 3.0%        04:45分再生1#阴床，进碱浓度：3.2% 3.0%         07:20分中和排水（PH 1# 8.5 2# 8.6）,2021-1-15清洗5#过滤器                              10:20分再生2#混床，进碱浓度：3.0% 3.0%        15:10分中和排水（PH 1# 7.5 2# 7.6）,2021-1-1517:01分再生1#阳床，进酸浓度：3.0% 3.0%        20:18分再生2#阳床，进酸浓度：3.1% 3.0%         22:07分中和排水（PH 1# 8.5 2# 7.4）
2021-1-16清洗1#、3#、4#、5#过滤器                   07:48分再生3#阳床，进酸浓度：3.1% 3.0% ,2021-1-16清洗3#、4#、5#过滤器                            14:15分置换1#阳床，进酸浓度：4.1% 4.0% ,2021-1-16清洗2#、5#过滤器                                 17:40分再生3#阴床，进碱浓度：3.0% 3.0%                    20:40分中和排水（PH 1# 8.5 2# 7.4）             22:10分再生1#阳床，进酸浓度：3.1% 3.0%         
2021-1-17清洗1#、2#、3#、4#、5#过滤器                                 01:26分再生2#阳床，进酸浓度：3.0% 3.1%                    04:40分中和排水（PH 1# 8.5 2# 7.4）             ,2021-1-17清洗5#过滤器                                     12:42分再生3#阳床，进酸浓度：3.0% 3.1% ,2021-1-17清洗1#、2#、3#、4#、5#过滤器                            22:00分再生2#阴床，进碱浓度：3.0% 3.0%  
2021-1-18清洗1#、2#、3#、4#、5#过滤器               01:04分中和排水（PH 1# 8.5 2# 8.9）,2021-1-18清洗4#、5#过滤器                                     08:30分再生3#阳床，进酸浓度：3.0% 3.1%                                    14:43分再生2#阳床，进酸浓度：3.0% 3.2% ,2021-1-18清洗3#、4#、5#过滤器                       16:34分中和排水（PH 1# 8.5 2# 8.9）
2021-1-19清洗1#过滤器,2021-1-19清洗4#过滤器                                       ,2021-1-19清洗5#过滤器                                       16:42分再生1#阴床，进碱浓度：3.0% 3.0%           19:10分中和排水（PH 1# 8.9 2# 8.8）                 20:35分再生2#阳床，进酸浓度：3.0% 3.1%              20:52分再生3#阴床，进碱浓度：3.0% 3.0%                  22:50分中和排水（PH 1# 9.4 2# 9.3）
2021-1-20清洗1#、3#、4#过滤器                                       04:13分再生3#阳床，进酸浓度：3.0% 3.0%           ,2021-1-20清洗4#、5#过滤器,2021-1-20清洗3#、4#、5#过滤器
2021-1-21清洗1#、2#、3#过滤器,"2021-1-21清洗4#、5#过滤器
11:00再生2#阴床，进碱浓度：3.0% 3.2%   ",2021-1-21清洗1#、2#过滤器
2021-1-22清洗5#过滤器                                                      4:40分再生2#阳床，进酸浓度：3.0% 3.1%                             7:05分中和排水（PH 1# 8.66 2# 7.89）,2021-1-22清洗4#、5#过滤器    ,2021-1-22清洗3#、4#、5#过滤器    
2021-1-2300:35分再生3#阳床，进酸浓度：3.0% 3.1%       清洗1#、3#、4#、5#过滤器,2021-1-23清洗5#过滤器                               12:56分再生1#阴床，进碱浓度：3.0% 3.0%      15:05分中和排水（PH 1# 8.66 2# 7.89）,2021-1-23因停锅炉给水泵，上班已加药未补水，开泵后直接补水即可，各班注意。                           清洗3#、4#、5#过滤器                               16:58分再生1#混床，进酸浓度：3.0% 3.0%，进碱浓度：3.0% 3.0%                              20:53分中和排水（PH 1# 6.14 2# 5.78）
2021-1-2400:20分再生1#阳床，进酸浓度：3.0% 3.1%       磷酸盐槽已加药未补水，待水泵开启补水即可。,2021-1-24清洗4#、5#过滤器                                磷酸盐槽已加药未补水，待水泵开启补水即可。,2021-1-2418:13分再生3#阴床，进碱浓度：2.9% 3.0%      20:05分中和排水（PH 1# 8.14 2# 6.32）      22:40分再生2#阳床，进酸浓度：3.0% 3.1%       磷酸盐槽已加药未补水，待水泵开启补水即可。
2021-1-25清洗1#、2#、3#、4#、5#过滤器               01:18分再生1#阴床，进碱浓度：3.1% 3.0%                         03:50分中和排水（PH 1# 7.98 2# 7.94）     07:00分再生1#阳床，进酸浓度：3.0% 3.3%                                     磷酸盐槽已加药未补水，待水泵开启补水即可。,2021-1-25清洗4#、5#过滤器                                 10:07分再生2#阳床，进酸浓度：3.0% 3.3%           14:30分中和排水（PH 1# 7.98 2# 7.94）                            ,2021-1-25清洗1#、2#、3#、4#、5#过滤器               20:58分再生3#阳床，进酸浓度：3.0% 3.3%
2021-1-26清洗3#过滤器                                 磷酸盐槽已加药已补水，待水泵开启即可。,2021-1-2612:13分再生2#阴床，进碱浓度：2.8%，2.8%。  14:35分中和排水（PH 1# 7.1 2# 8.2）,2021-1-26清洗1#、2#、3#、4#、5#过滤器               17:15分再生1#阳床，进酸浓度：3.0% 3.1%
,2021-1-27清洗4#、5#过滤器 ,2021-1-2719:40分再生3#阴床，进碱浓度：2.9%，2.8%              21:40分中和排水（PH 1# 9.2 2# 9.0）                  23:04分再生2#阳床，进酸浓度：3.0%，3.1%
2021-1-2801:26分再生2#阴床，进碱浓度：3.0%，2.9%              04:06分中和排水（PH 1# 6.4 2# 8.7）                  ,2021-1-2809:33分再生1#阳床，进酸浓度：3.0%，3.3%     12:14分再生3#阳床，进酸浓度：2.9%，3.1%    14：58分中和排水（PH 1# 7.84 2# 8.05） ,2021-1-2821:08分再生1#阴床，进碱浓度：2.8%，2.8%。
2021-1-2901:22分再生2#阳床，进酸浓度：3.0%，3.3%       04:06分中和排水（PH 1# 6.4 2# 8.7）,2021-1-29清洗5#过滤器 ,2021-1-2919：18分再生1#阳床，进酸浓度：3.2%，3.1%       22:23分再生3#混床，进酸浓度：3.0% 3.0%，进碱浓度：3.0% 3.3%   
2021-1-3001:35分中和排水（PH 1# 6.1 2# 8.3）                    5：25分再生3#阳床，进酸浓度：3.2%，3.1%                 清洗4#、5#过滤器 ,2021-1-30根据水质，微开紧排至交班。,2021-1-30清洗1#、2#  3#过滤器 
2021-2-100:54分再生1#阴床，进碱浓度：3.0%，3.1%         03:30分中和排水（PH 1# 8.41 2# 7.9）        04:20分再生1#阳床，进酸浓度：3.2%，3.1%       洗3#、4#、5#过滤器 ,2021-2-1洗4#、5#过滤器 ,2021-2-1清洗3#过滤器
2021-2-2清洗1#、2#、3#过滤器                               05:22分再生3#阳床，进酸浓度：3.3%，3.1%     7:48中和排水（PH 1# 8.41 2# 7.9）,2021-2-208:30再生2#阳床，进酸浓度：3.0%，3.1% ,2021-2-2清洗3#、4#、5#过滤器                       20:45分再生2#阴床，进碱浓度：3.0%，3.1%     22:50中和排水（PH 1# 7.41 2# 7.9）
2021-2-3清洗1#、2#、3#过滤器                       00:48再生3#阳床进酸浓度：3.0%，3.3%            03:10再生1#阳床进酸浓度：2.9%，3.1%            06:01中和排水（PH 1# 7.79 2# 8.25）,2021-2-3清洗4#、5#过滤器,2021-2-3清洗4#过滤器                               20:29分再生3#阴床，进碱浓度：3.0%，3.1%      加药泵已停
2021-2-4清洗1#过滤器                               00:37再生2#阳床，进酸浓度：3.0%，3.0%                        02:50中和排水（PH 1# 8.26 2# 7.52）          1#混床再生时置换漏树脂，待处理,,2021-2-419:10分再生1#阴床，进碱浓度：3.0%，3.0%。     21:54分再生1#阳床，进酸浓度：3.2%，3.2%。
2021-2-5                                                      00:09中和排水（PH 1# 8.46 2# 6.84）       04:31再生3#阳床，进酸浓度：3.0%，3.0%          1#混床再生时置换漏树脂，待处理,2021-2-5清洗4#、5#过滤器                               12:31再生3#阴床，进碱浓度：3.0%，3.1%         15:45中和排水（PH 1# 8.41 2# 7.90）    ,2021-2-518:34分再生1#混床，进碱浓度：3.0%，3.0%，进酸浓度：3.2%，3.2%。                                   22:15分中和排水（PH 1# 7.5 2# 7.90）                                    23：20分再生1#阳床，进酸浓度：3.0%，3.0%
2021-2-6清洗1#、2#、3#、4#、5#过滤器 ,2021-2-613:10再生2#阴床，进碱浓度：3.0%，3.0%,2021-2-6清洗1#过滤器                               16：23分中和排水（PH 1# 7.23 2# 7.69）                               18：40分再生2#阳床，进酸浓度：3.1%，2.9%                              20：47再生3#阴床，进碱浓度：3.1%，3.3%      23：16分中和排水（PH 1# 8.62 2# 7.98）
2021-2-7清洗3#过滤器                               4:25分再生3#阳床，进酸浓度：3.1%，2.9%                                ,"2021-2-7清洗4#、5#过滤器  
8:40分再生1#阳床，进酸浓度：3.0%，2.9%                           12:30分中和排水（PH 1# 8.5 2#8.11）",2021-2-7清洗1#、2#、3#、4#、5#过滤器
2021-2-800:45分再生3#阳床，进酸浓度：3.1%，2.9%  ,2021-2-8清洗4#、5#过滤器                             10:10分再生1#阴床，进碱浓度：3.0%，3.1%   14:50中和排水（PH 1# 8.41 2# 7.90）    ,2021-2-8清洗4#、5#过滤器                             18：39分再生2#阳床，进酸浓度：3.0%，3.1%   21:24分再生2#混床，进碱浓度：3.0%，3.0%，进酸浓度：3.2%，3.2%。  
2021-2-900:40中和排水（PH 1# 8.41 2# 7.90）          02:50分再生1#阳床，进酸浓度：3.1%，2.9%  ,2021-2-9清洗2#、3#、4#、5#过滤器     ,2021-2-9清洗5#过滤器                              18:12分再生3#阴床，进碱浓度：2.9%，2.9%     00:35中和排水（PH 1# 8.74 2# 7.41） 
2021-2-10清洗1#、2#、3#过滤器,2021-2-1013:39分再生2#阳床，进酸浓度：3.1%，3.1%  ,"2021-2-10清洗1#、2#、3#、4#、5#过滤器
21:30再生2#阴床，进碱浓度：2.9%，2.9%
阴床计量箱用碱进碱气动阀膜片坏"
2021-2-11清洗1#、2#、4#过滤器                                                                                                                                                                                                                                                     阴床计量箱用碱进碱气动阀膜片坏未有工具处理，待白班处理 2#阴床未再生。,2021-2-11阴床计量箱用碱进碱气动阀膜片坏已更换好新的阀门，10:08分再生2#阴床 进碱浓度：2.9%，2.9%            11:20中和排水（PH 1# 9.73 2# 8.58）                     12:17分再生1#阳床，进酸浓度：3.1%，3.1%,2021-2-11清洗1#、2#、4#过滤器          
,2021-2-1211:00分再生3#混床，进碱浓度：3.0% 3.0%  进酸浓度：3.2% 3.2%                                  15:10分中和排水（PH 1# 7.5 2# 8.3),2021-2-1220:50分再生2#阳床，进酸浓度：2.9%，3.0%。
,2021-2-138:30再生1#阴床，进碱浓度：2.9%，2.9%                                                                                                                                                                                              11：10分中和排水（PH 1# 8.5 2#8.11）                                                                                                                                                                             13：32分再生3#阳床，进酸浓度：3.1%，2.9%  ,2021-2-1318：10分再生3#阴床，进碱浓度：3.1%，3.1%。20:10分中和排水（PH 1# 8.2 2#8.0）               清洗1#、2#、5#过滤器                               22:23分再生1#阳床，进酸浓度：3.0%，3.0%。
2021-2-14清洗1#、2#、3#、4#、5#过滤器   ,2021-2-14清洗2#、4#、5#过滤器                       08:57 再生2#阴床，进碱浓度：2.9%，2.9%                                                                                                                                                                                              11:06 分中和排水（PH 1#7.9 2# 8.64）                                                                                                                                                                             13:59分再生2#阳床，进酸浓度：3.1%，2.9%  ,2021-2-1417:00分再生1#阴床，进碱浓度：3.2% 3.2%             19:20分中和排水（PH 1# 7.5 2# 8.3）             21:45分再生1#阳床，进酸浓度：2.9% 3.0%
2021-2-15清洗1#、2#、3#、4#、5#过滤器                                         6:25分再生2#阳床，进酸浓度：3.1%，2.9% ,2021-2-15清洗2#、4#、5#过滤器                       09:03分中和排水（PH 1# 7.2 2# 8.6）             13:21分再生3#阳床，进酸浓度：2.9% 3.0%,2021-2-15清洗1#、2#、3#、4#、5#过滤器
2021-2-16清洗1#、2#、3#、4#、5#过滤器,2021-2-16清洗4#、5#过滤器,2021-2-1616:50分再生3#阴床，进碱浓度：3.2% 3.2%                19:00中和排水（PH 1# 7.73 2# 6.58）
2021-2-1700:41分再生1#阳床，进酸浓度：2.9% 3.0%         清洗4#、5#过滤器,2021-2-17清洗4#、5#过滤器                                                     12:50分再生2#阴床，进碱浓度：3.2% 3.2%                     15:10中和排水（PH 1# 6.75 2# 7.58）,2021-2-1721:03分再生3#阳床，进酸浓度：2.9% 3.0%         
2021-2-184:51分再生2#阳床，进酸浓度：2.9% 3.0%             7:15分中和排水(PH 1# 7.5 2# 8.3),,2021-2-1817:05分再生1#阳床，进酸浓度：2.9% 3.0%       清洗3#、4#、5#过滤器
2021-2-1905:15分再生3#阴床，进碱浓度：3.0% 3.3%     07:30分中和排水（PH 1# 7.34 2# 8.03）   ,,
2021-2-20清洗3#、4#过滤器                           01:04分再生2#阳床，进酸浓度：2.9% 3.0%    04:21分再生3#阳床，进酸浓度：2.9% 3.0%       07:30分中和排水（PH 1#6.84 2# 8.84） ,2021-2-20清洗4#过滤器  ,2021-2-20清洗1#、2#、3#、5#过滤器                                                                        17:22分再生1#阳床，进酸浓度：2.9% 3.0%            19:30分再生1#阴床，进碱浓度：3.0% 3.3%             21:35分中和排水（PH 1#7.00 2# 9:03）
,2021-2-2115:05分再生3#阴床，进碱浓度：3.0% 3.3%  ,2021-2-2120:30分再生2#阳床，进酸浓度：2.9% 3.0%               22:15分中和排水（PH 1#8.04 2# 8.95）
2021-2-224:41分再生3#阳床，进酸浓度：2.9% 3.0%        清洗3#、4#、5#过滤器 ,2021-2-2214:20再生2#阴床，进碱浓度：2.9%，2.9%,2021-2-22清洗5#过滤器                              16:35分中和排水（PH 1# 7.5 2# 8.2）            21:03再生1#阴床，进碱浓度：3.0% 3.0%
2021-2-23清洗1#、2#、3#过滤器   ,2021-2-23清洗1#、2#、4#过滤器   ,2021-2-2318:10分再生1#阳床，进酸浓度：2.9% 3.0%                                                                                                                                                                                               20:40分中和排水，（PH 1# 7.5 2# 8.2）                                                                                                                                                                                                                                   22:02分再生3#阴床，进碱浓度：3.0% 3.0%
2021-2-24清洗3#、4#、5#过滤器 ,2021-2-2411:45分再生2#阳床，进酸浓度：3.1%，2.9%              14:10中和排水（PH 1# 8.41 2# 7.90）   ,2021-2-2421:09分再生1#阳床，进酸浓度：3.1%，2.9%                 
2021-2-25清洗3#、4#、5#过滤器 ,2021-2-2512.30分再生1#阴床，进碱浓度：3.2% 3.2%             15：45分中和排水（PH 1# 7.5 2# 8.3）  ,2021-2-2520:36分再生3#混床，进碱浓度：3.0% 3.0%；进酸浓度：3.0% 3.0%                       
2021-2-26清洗5#过滤器 ,2021-2-2610:48分中和排水（PH 1# 7.5 2# 8.2）,2021-2-26清洗1#、2#、3#、4#、5#过滤器                       17:25分再生2#阳床，进酸浓度：2.9% 3.0%                                                                                                                                                                                                                                                                                                                                                                                                                                 18:44分再生2#阴床，进碱浓度：3.0% 3.0%    20:46分中和排水，（PH 1# 7.5 2# 8.2）        22:16分再生2#阴床，进碱浓度：3.0% 3.0% 
2021-2-2700:36分再生3#阳床，进酸浓度：3.0% 3.1%    02:42分中和排水，（PH 1# 8.16 2# 7.96）       04:21分再生1#阳床，进酸浓度：3.3% 3.0%  ,2021-2-27清洗4#、5#过滤器                                                     12:00分再生1#阴床，进碱浓度：3.0% 3.0%             14:50分中和排水 （PH 1# 8.16 2# 7.96）,2021-2-2718:15分再生3#阳床，进酸浓度：3.3% 3.0%  
2021-3-1清洗4#过滤器                                      00:11分再生3#阴床，进碱浓度：3.0% 3.0%           ,2021-3-1清洗4#、5#过滤器 ,2021-3-116:14分再生1#阳床，进酸浓度：3.3%，3.2%。  18:00分中和排水（PH 1# 7.5  2# 7.8）          清洗3#、4#、5#过滤器
2021-3-20:40分再生3#阳床，进酸浓度：3.3%，3.2%。            清洗3#、4#、5#过滤器                                7:50分再生1#阳床。  ,"2021-3-210:00分中和排水（PH 1# 8.1  2# 7.8） 
15:30分再生2#阳床，进酸浓度：3.1%，3.1%。   ",2021-3-221:39分再生3#阴床，进碱浓度：3.1% 2.9%  
2021-3-3清洗1#、2#、3#、4#、5#过滤器  ,2021-3-315:27分再生1#阳床，进酸浓度：3.2%，3.1%。,2021-3-317:37分再生1#阴床，进碱浓度：3.1%，3.1%     20:25分中和排水（PH 1# 7.96  2#  8.15）
2021-3-4清洗1#、2#、3#、5#过滤器 ,"2021-3-410:30分再生2#阳床，进酸浓度：3.3%，3.1%。
13:20分再生3#阴床，进碱浓度：3.0%，3.2%。 ","2021-3-416:27分中和排水（PH 1# 8.4  2#5.96）      17:30分再生3#阴床，进碱浓度：3.1%，3.1%。 
20:50分再生2#阳床，进酸浓度：3.1%，3.1%。    23:27分中和排水（PH 1# 5.9  2#7.62） 
"
2021-3-5清洗3#、5#过滤器                                                     1:15分再生1#阳床，进酸浓度：3.1%，3.1%。,2021-3-59:30分中和排水（PH 1# 8.4  2#7.99）   ,2021-3-5清洗1#过滤器 
2021-3-61:32分再生2#阳床，进酸浓度：3.1%，3.3%          4:36分再生3#阴床，进碱浓度：2.9%，3.1%     6:46分中和排水（PH 1# 7.01  2# 6.54）,2021-3-6清洗4#、5#过滤器                                                                               8:09分再生3#阳床，进酸浓度：3.1%，3.3%,2021-3-6清洗4#过滤器                                          18:24分再生3#混床，进酸浓度：3.1%，3.3% 进碱浓度：2.9%，3.1% 
2021-3-7清洗1#过滤器                                1:10分再生1#阴床，进碱浓度：3.3%，3.1%  ,2021-3-7清洗5#过滤器                                                          9:30分再生1#阳床，进酸浓度：3.1%，3.3%               11:20分中和排水（PH 1# 8.03  2# 7.77）,2021-3-7清洗1#、2#、3#、4#.5#过滤器                                                          21:15分再生2#阳床，进酸浓度：3.1%，3.3%  
2021-3-8清洗1#过滤器                              04:35分再生2#阴床，进碱浓度：3.1%，3.1%     6:30分中和排水（PH 1# 5.10  2# 9.23）,"2021-3-88:00分再生3#阴床，进碱浓度：3.2%，3.0%   
10:54分再生1#阳床，进酸浓度：3.1%，3.3%            13:50分中和排水（PH 1#7.4   2# 8.1）",2021-3-8清洗3#、4#、5#过滤器
,"2021-3-913:32分再生2#阳床，进酸浓度：3.0%，3.1%  
15:39分再生1#阴床，进碱浓度：3.0%，3.0%   
    ",2021-3-918:00分中和排水（PH 1#7.5   2# 8.0）               22:03分再生3#阳床，进酸浓度：3.2%，3.2%。
2021-3-10清洗3#、4#、5#过滤器,2021-3-1013:57分再生3#阴床，进碱浓度：3.0%，3.0%   ,2021-3-1022:03分再生2#阳床，进酸浓度：2.9%，3.2%
"2021-3-113:59分再生1#阳床，进酸浓度：3.2%，3.2%。
7:05分中和排水（PH 1#6.5   2# 7.8） ","2021-3-119：20分再生3#阳床，进酸浓度：3.0%，3.2%。
9:47分再生1#混床，进酸浓度：3.2%，3.2%，进碱浓度：3.0%，3.1%。
14:10分中和排水（PH 1#7.7   2# 8.2） ",2021-3-1119：00分再生1#阳床，进酸浓度：3.0%，2.9%
2021-3-12清洗2#、3#过滤器                                               0:02分再生1#阴床，进碱浓度：3.0%，3.0%                2:00分中和排水（PH 1#8.3   2# 8.7）,,2021-3-1217:50分再生2#阳床，进酸浓度：3.0%，2.9%       清洗4#、5#过滤器
2021-3-13清洗1#、2#过滤器,"2021-3-138：30分再生3#阴床，进碱浓度：2.9%，3.1% 
10:35分中和排水（PH 1#7.3   2# 7.9）",2021-3-13清洗1#、4#、5#过滤器
2021-3-144:25分再生1#阳床，进酸浓度：3.1%，2.9%,2021-3-148:42分再生3#阳床，进酸浓度：3.1%，2.9%              10:50分中和排水（PH 1#7.1   2# 7.8）,2021-3-1420:00分再生1#阳床，进酸浓度：3.1%，2.9%      清洗1#、2#、3#、4#、5#过滤器
2021-3-15清洗4#过滤器                                1:13分再生2#阳床，进酸浓度：3.0%，2.9%            4:15分中和排水（PH 1#6.83   2# 7.15）,"2021-3-15清洗5#过滤器   
11:22分再生3#阳床，进酸浓度：3.3%，3.2%  ","2021-3-15清洗1#、2#过滤器   
"
2021-3-16清洗3#、4#、5#过滤器                           6:37分再生2#混床，进酸浓度：3.2%，3.2%，进碱浓度：3.0%，3.1%。,"2021-3-1612:00分中和排水（PH 1#7.88   2# 7.15）
15:22分再生2#阴床，进碱浓度：3.2%，3.1% ",2021-3-1617:56分再生1#阳床，进酸浓度：3.3%，3.2%              19:55分中和排水（PH 1#7.81   2# 8.05）                       21:10分再生3#阴床，进碱浓度：3.2%，3.1%
2021-3-17清洗1#、2#过滤器,,2021-3-1718:25分再生2#阳床，进酸浓度：3.2%，3.2%                20:20分中和排水（PH 1#7.9   2# 8.00）
2021-3-18清洗2#、3#过滤器                           0:39分再生3#阳床，进酸浓度：3.2%，3.2%,"2021-3-189:28分再生1#阴床，进碱浓度：3.0%，3.2%
12:20分中和排水（PH 1#8.5   2# 8.00）",2021-3-18清洗1#、2#、3#过滤器                                    23:00分再生3#阴床，进碱浓度：3.0% 3.2%
2021-3-19清洗1#、2#、3#、4#、5#过滤器                                       7:00分再生1#阳床，进酸浓度：3.2%，3.2%,2021-3-199:30分中和排水（PH 1#8.5   2# 8.20）,2021-3-1920:32分再生2#阳床，进酸浓度：3.2%，3.2%                                                                                                                                                                                        22:57分再生2#阴床，进碱浓度：3.0%  3.0%                                                                                                                                                                                                    
2021-3-201:55分中和排水（PH 1#8.5   2# 8.20）                  清洗1#、2#、3#过滤器。,2021-3-20清洗4#、5#过滤器                                        12:50分再生1#阳床，进酸浓度：3.2%，3.2%   ,
2021-3-214:38分再生3#阳床，进酸浓度：3.2%，3.2%。          7:15分中和排水（PH1# 7.53  2#7.8）,2021-3-21清洗4#、5#过滤器  ,2021-3-21清洗1#、4#过滤器                          20:50分再生3#阴床，进碱浓度：3.0%，3.1%。          
2021-3-22清洗2#过滤器,"2021-3-22清洗4#过滤器
10:26分再生3#阳床，进酸浓度：3.1%，3.0%。          13:00分中和排水（PH1# 7.53  2#8.2）",2021-3-2216:00分再生2#阴床，进碱浓度：3.0%，3.1%。 21:25分再生1#阳床，进酸浓度：3.1%，3.0%。 23:30分中和排水（PH1# 7.53  2#8.2）
2021-3-231:10分再生3#混床，进酸浓度：2.9%，3.1% 进碱浓度：3.0%，3.0%                             5:32分中和排水（PH 1# 6.98  2# 7.41）       7:30分再生1#阳床，进酸浓度：3.1%，3.0%,2021-3-2315:00分中和排水（PH 1# 8.0 2# 7.41）       13:05分再生1#阴床，进碱浓度：2.9%，3.0%,2021-3-2317:00分再生1#阳床，进酸浓度：3.1%，3.0%
2021-3-24清洗1#、2#、3#、4#、5#过滤器 ,2021-3-2414：55分再生3#阴床，进碱浓度：3.1%，3.1%,2021-3-2417:00分中和排水（PH 1# 7.5 2# 7.8）                                 19：42分再生3#阳床，进酸浓度：3.2%，3.2%。                    清洗1#、2#、3#过滤器 
2021-3-25清洗4#、5#过滤器,"2021-3-259：51分再生1#阴床，进碱浓度：3.0%，3.2%
12：10分中和排水（PH 1# 8.0 2# 8.2）   ",2021-3-2519:02分再生1#阳床，进酸浓度：3.0%，3.0%。   20:35分再生2#阴床，进碱浓度：3.1%，3.0%。          22:35分中和排水（PH 1# 7.8 2# 8.0）   
"2021-3-26清洗1#、2#、3#过滤器 
2:05分再生2#阳床，进酸浓度：3.2%，3.2%","2021-3-26清洗4#过滤器 
9:18分再生3#阴床，进碱浓度：3.2%，3.0%。  
15:55分再生2#阴床，进碱浓度：3.0%，3.0%。  ",2021-3-26清洗1#、2#过滤器                             18:03分再生1#阳床，进酸浓度：2.9%，3.1%      20:53分中和排水（PH 1# 7.4 2# 8.19）         23:07分再生1#阴床，进碱浓度：2.9%，3.0%。 
2021-3-27清洗1#、2#过滤器                             1:25分再生3#阳床，进酸浓度：2.9%，3.1%      3:30分中和排水（PH 1# 6.51 2# 6.88）          ,,2021-3-27清洗1#过滤器                                21:15分再生1#阳床，进酸浓度：3.1%，3.0% 
2021-3-28清洗1#、2#、3#过滤器  ,"2021-3-28清洗1#、2#过滤器                             10:00分中和排水（PH 1# 6.81 2# 7.28）
12:30分再生2#阳床，进酸浓度：2.9%，3.1%           ","2021-3-28
21:17分再生2#阴床，进酸浓度：2.9%，3.1%   23:30分中和排水（PH 1# 5.79 2# 7.62）          "
2021-3-2901:10分再生3#阳床，进酸浓度：2.9%，3.1%      07:30分再生3#阴床，进酸浓度：2.9%，3.1%       清洗2#、3#过滤器,"2021-3-2911：15分再生1#阳床，进酸浓度：3.2%，3.1%   
10:05分中和排水（PH 1# 6.8 2# 8.11）        13:30分再生1#混床，进酸浓度：3.0%，2.9%  ，进酸浓度：3.2%，2.9%  
     ",2021-3-29清洗4#过滤器
2021-3-30清洗4#、5#过滤器,"2021-3-3011：10分再生2#阳床，进酸浓度：2.9%，3.0%  
清洗5#过滤器","2021-3-3017:40分再生3#阳床，进酸浓度：2.9%，3.0% 
20:00分中和排水（PH 1# 6.78 2# 7.26）   "
2021-4-1清洗2#、3#过滤器,"2021-4-1清洗4#、5#过滤器
10:06分再生2#阳床，进酸浓度：2.9%，3.0%    ",2021-4-118:22分再生2#阴床，进酸浓度：2.9%，3.1%      21:05分中和排水（PH 1# 6.78 2# 7.26）        22：30 向槽加磷酸盐3 kg，补入除盐水至 550  mm液位
2021-4-2清洗1#、2#过滤器                                4:36分再生2#阴床，进碱浓度：3.1%，3.0%             6:42分再生3#阳床，进酸浓度：2.9%，3.0%          ,"2021-4-29:00分中和排水（PH 1# 8.01 2# 7.26）    
11:25分再生1#阴床，进碱浓度：2.9%，3.0%  
13:58分再生1#阳床，进酸浓度：2.8%，3.1%     ",2021-4-2清洗1#、4#过滤器                                  16:40分中和排水（PH 1# 8.01 2# 7.26） 
2021-4-34:30分再生3#阴床，进碱浓度：2.9%，3.0% ,2021-4-3清洗4#过滤器                                  13:34分再生2#阳床，进酸浓度：3.0%，3.1%   15:40分中和排水（PH 1# 8.01 2# 7.26）,2021-4-3清洗1#、2#过滤器 
2021-4-4清洗1#、3#、4#过滤器                                5:05分再生2#阴床，进碱浓度：3.1%，3.0%                       7:35分中和排水（PH 1# 7.11 2# 7.86）,2021-4-412:36分再生1#阳床，进酸浓度：3.1%，3.0%                       ,2021-4-4清洗1#、4#、5#过滤器
2021-4-55:10分再生2#阳床，进酸浓度：3.0%，3.1%。       7:30分中和排水（PH 1#7.5  2#8.0）,2021-4-5清洗4#、5#过滤器                                            13:40分再生3#阳床，进酸浓度：3.0%，3.1%。 ,2021-4-5清洗1#、2#过滤器
"2021-4-60:30分再生1#阳床，进酸浓度：3.0%，3.1%                2:40分中和排水（PH 1#7.8  2#8.2）
7：28分再生2#阴床，进碱浓度：3.1%，3.0%    ",2021-4-6清洗4#过滤器,2021-4-6清洗1#、2#、5#过滤器
2021-4-7清洗1#、2#、4#、5#过滤器                                     6:04分再生3#阳床，进酸浓度：2.9%，3.0%,"2021-4-7清洗5#过滤器   
9:05分中和排水（PH 1#8.5  2#8.2）
13:56分再生2#阳床，进酸浓度：3.0%，3.0%   ",2021-4-7清洗1#、2#过滤器                                        19：30分再生2#阴床，进碱浓度：3.1%，3.0%                                            21:30分中和排水（PH 1#8.5  2#8.2）
2021-4-8清洗4#过滤器                                        1:31分再生3#阴床，进碱浓度：3.0%，3.1%     3:42分再生2#阳床，进酸浓度：3.0%，2.9%                                            5:30分中和排水（PH 1#6.8  2#7.43）,2021-4-8 清洗4#、5#过滤器     ,2021-4-8清洗1#、2#、5#过滤器     
2021-4-9 清洗4#、5#过滤器                          01:38分再生3#阳床，进酸浓度：3.0%，3.1%         5:25分再生3#混床，进碱浓度：3.0% 3.0% 进酸浓度：2.8% 3.0%,"2021-4-98:30分中和排水（PH 1#7.99  2#7.43）
14:26分再生2#阳床，进酸浓度：3.0%，2.9%    ",2021-4-921:22分再生1#阴床，进碱浓度：3.0%，3.0%。         23:30分中和排水（PH 1#7.5  2#8.0）
2021-4-10清洗1#过滤器                                        2:06分 再生1#阳床，进酸浓度：3.0%，2.9%                                           4:40分 再生2#阴床，进碱浓度：3.0%，3.1%    7:20 分中和排水（PH 1#8.8  2#7.43）,2021-4-1011:48分再生3#阴床，进碱浓度：2.9%，3.1% ,2021-4-10清洗1#过滤器
2021-4-11清洗1#、2#、3#过滤器,2021-4-1110:41分 再生2#阳床，进酸浓度：3.2%，3.1%                                              12:26分中和排水（PH 1#7.21  2#6.82）,2021-4-11清洗1#过滤器                                22:15分 再生3#阳床，进酸浓度：2.9%，3.0%  
2021-4-12清洗1#、2#、3#过滤器,"2021-4-12清洗4#过滤器
11:43分再生3#阴床，进碱浓度：2.8%，3.0% 
14:20分中和排水（PH 1#7.21  2#8.0）",2021-4-12清洗4#过滤器                                     16:55分 再生1#阳床，进酸浓度：2.9%，3.0%  20:30分 再生2#阴床，进碱浓度：3.0%，2.9%      23:04分中和排水（PH 1#7.5  2#8.7）
2021-4-130:43分再生1#混床，进碱浓度：3.0%，3.0%，进酸浓度：3.0%，3.2%。                              4:30分中和排水（PH1#8 2#7.6）,"2021-4-1311:30分 再生2#阳床，进酸浓度：3.1%，3.0% 
8：00分 再生2#阴床，进碱浓度：3.0%，2.9%    14:20分中和排水（PH1#8 2#8.5）",
2021-4-14清洗1#、2#过滤器。                                   4:28分再生1#阳床，进酸浓度：3.1%，3.0%。    6:52分再生3#阴床，进碱浓度：3.1%，3.1%。,"2021-4-14清洗1#、2#过滤器
9:00分中和排水（PH1#7.12 2#6.75）
13:30分再生3#阳床，进酸浓度：3.1%，3.0%。  ",2021-4-14清洗2#、4#过滤器
2021-4-15清洗1#过滤器                                4:30分再生2#阴床，进碱浓度：3.0% 2.9%          6:45分中和排水（PH 1# 7.5 2# 7.3）,2021-4-1512:42分再生2#混床，进碱浓度:3.0%，3.0%；进酸浓度：3.2%，3.2%。,"2021-4-15清洗1#、2#过滤器
17:10分中和排水（PH1#7.28 2#6.85）
18:30分再生1#阳床，进酸浓度：3.1%，3.0%。  
22:33分再生2#阴床，进碱浓度：3.0% 2.9% "
"2021-4-16
0:40分中和排水（PH 1# 7.63 2# 7.04）
3:24分再生2#阳床，进酸浓度：2.9，3.0%。  
5:54分再生3#阴床，进碱浓度：3.0% 3.0% ",2021-4-168:40分中和排水（PH 1# 7.8 2# 7.7）                 14:45分再生3#阳床，进酸浓度：3.0%，3.0%。,"2021-4-1618:35分再生2#阴床，进碱浓度：3.0% 3.0% 
20:40分中和排水（PH 1# 7.1 2# 7.5）
22:15分再生1#阳床，进酸浓度：2.9，3.0%。   "
,2021-4-1710:16分再生1#阴床，进碱浓度：2.9% 3.0%          13:05分中和排水（PH 1# 8.3 2# 7.41）         14:25分再生2#阳床，进酸浓度：3.3%，3.0%,2021-4-17清洗1#、2#过滤器。
"2021-4-18清洗4#过滤器                               5:00分再生1#阳床，进酸浓度：3.0%，2.9%       7:10分中和排水（PH 1#7.99  2#7.43）
    ","2021-4-18清洗5#过滤器                               
11:27分再生3#阴床，进碱浓度：3.0%，2.9%       ",2021-4-18清洗1#、2#过滤器。
2021-4-19清洗1#、2#过滤器。                          1:30分中和排水（PH 1#7.99  2#7.43）                         2:29分再生3#阳床，进酸浓度：3.0%，2.9%       ,,
2021-4-201:50分再生2#阴床，进碱浓度：3.0%，2.9%                    4:20分中和排水（PH 1#7.1  2#6.8）,"2021-4-208：56分再生2#阳床，进酸浓度：3.0%，3.1%    11:00分中和排水（PH 1#7.8  2#8）
13:27分再生2#阴床，进碱浓度：2.8%，2.9%     ",2021-4-20清洗5#过滤器。
2021-4-2107：24分再生1#阳床，进酸浓度：3.0%，3.1%,"2021-4-219:20分中和排水（PH 1#8.1 2#8.5）
11:47分再生3#阴床，进碱浓度：3.1%，2.9%     ",2021-4-2116:21分再生3#阳床，进酸浓度：2.8%，3.1%        19:00分中和排水（PH 1#8.5  2#8.2）          21:41分再生2#阳床，进酸浓度：3.0%，3.0%    
2021-4-22清洗1#、2#过滤器,"2021-4-229:00分再生1#阴床，进碱浓度：3.0%，2.9%  
11:00分中和排水（PH 1#8.7  2#8.5）
13:15分再生1#阳床，进酸浓度：3.1%，3.1%  ",
2021-4-233:10分再生3#阴床，进碱浓度：3.3%，2.9%      5:35分中和排水（PH 1#7.34 2# 6.831）            7:14分再生3#阴床，进碱浓度：3.0%，2.9%,"2021-4-2314:10分中和排水（PH 1#8.5 2#7.9）
12:20分再生2#阳床，进酸浓度：3.1%，3.0%  ",2021-4-2316:29分再生3#混床，进碱浓度：3.0% 3.0% 进酸浓度：2.8% 3.0%                                21:09分再生3#阳床，进酸浓度：3.1%，3.0%          23:00分中和排水（PH 1# 8.5 2# 7.9）
2021-4-241:38分再生2#阳床，进酸浓度：2.9%，3.0% ,2021-4-2412:22分再生1#阳床，进酸浓度：2.9%，3.0%      14:00分中和排水（PH 1# 8.5 2# 7.9）,2021-4-24清洗1#、过滤器                            17:50分再生1#阴床，进碱浓度：3.0%，2.9%  
"2021-4-25清洗2#过滤器
4:44分再生3#阴床，进碱浓度：2.8%，3.0% 
7:50分中和排水（PH 1#7.21  2#8.0）",2021-4-259:37分再生2#阳床，进酸浓度：3.1%，3.0%   ,2021-4-2517:47分再生2#阴床，进碱浓度：2.8%，3.0%      20:00分中和排水（PH 1#7.21  2#8.0）          21:50分再生3#阳床，进酸浓度：3.1%，3.0%  
2021-4-264:53分再生1#阳床，进酸浓度：3.0%，2.9%       7:20分中和排水（PH 1#7.99  2#7.43）,2021-4-269:20分再生2#阴床，进碱浓度：2.9%，3.0%                                                          14:24分再生1#混床，进碱浓度：3.0%，3.0%，进酸浓度：3.0%，3.2%。                  ,2021-4-2617:20分中和排水（PH 1#7.99  2#7.43）           22:12分再生2#阳床，进酸浓度：3.0%，2.9% 
2021-4-27清洗1#、3#过滤器   ,2021-4-279:50分中和排水（PH 1#7.99  2#7.43）           11:34分再生3#阳床，进酸浓度：3.0%，2.9%                              15:00分再生1#阴床，进碱浓度：3.0%，2.9%  ,2021-4-2718:00分中和排水（PH 1# 7.6 2# 8.1）             19:48分再生1#阳床，进酸浓度：3.0% 2.9%
2021-4-28清洗1#、2#、4#、5#过滤器 ,2021-4-2815:20分再生3#阴床，进碱浓度：2.8%，3.0%,2021-4-2818：15分中和排水（PH 1# 7.6 2# 8.1）                                                                                                                                                                                                             20:57分再生2#阳床，进酸浓度：3.0% 2.9%
2021-4-29清洗1#过滤器                                              1:23分再生2#阴床，进碱浓度：2.8%，3.0%                3:45分中和排水（PH 1# 7.5 2# 8.0） ,"2021-4-29清洗4#过滤器   
9:16分再生1#阳床，进酸浓度：3.0% 3.1%
11:32分再生1#阴床，进碱浓度：2.8%，2.9%    ",2021-4-2916:22分再生3#阳床，进酸浓度：3.0%，3.0%
2021-5-13:10分再生2#阳床，进酸浓度：3.0% 2.9%,2021-5-1清洗4#、5#过滤器,"2021-5-120:00分再生1#阴床，进碱浓度：2.8%，2.9%
22：00中和排水（PH6.78、PH7.23）                                                                                                                                                                                                                                 23:46分再生1#阳床，进酸浓度：3.0% 2.9%"
2021-5-25:58分再生2#阴床，进碱浓度：2.8%，2.9%,2021-5-2清洗5#过滤器                                                               8:10分中和排水（PH：1#7.7  2#7.9）                   10:06分再生3#阳床，进酸浓度：3.0% 2.9%,"2021-5-221:15分再生1#阳床，进酸浓度：3.0% 2.9%
23:20分中和排水（PH：1#7.2  2#7.6）"
"2021-5-301:24分再生3#阴床，进碱浓度：3.0% 3.0%     03:40分再生3#阳床，进酸浓度：3.0% 3.1%
07:25分中和排水（PH：1#7.14  2#5.59）",2021-5-39:05分再生1#阳床，进酸浓度：3.0% 3.1%,2021-5-3清洗4#、5#过滤器
,2021-5-411：43分中和排水（PH：1#7.7  2#7.9）                   14:55分再生3#阳床，进酸浓度：3.0% 2.9%,2021-5-4清洗4#过滤器                                              17:13分再生3#阴床，进碱浓度：3.0% 3.0%               19:10分中和排水（PH：1#7.5  2#7.8）
2021-5-5清洗1#、4#、5#过滤器                                      5:20分再生1#阳床，进酸浓度：3.0% 2.9%,2021-5-5清洗4#、5#过滤器                                              14:15分再生1#阴床，进碱浓度：3.0% 3.0%               15:50分中和排水（PH：1#6.7  2#8.3）,2021-5-520:33分再生3#阳床，进酸浓度：3.0% 2.9%        23:05分再生2#阴床，进碱浓度：3.2% 3.2%
2021-5-6清洗1#、2#、4#、5#过滤器                            1:20分中和排水（PH：1#7.2  2#7.7）,2021-5-68:17分再生3#混床，进碱浓度：3.2% 3.1% ，进酸浓度：3.0%  3.1%。,2021-5-616:21分再生1#阳床，进酸浓度：3.0% 2.9%                                                                                                                                                                                              19：12分中和排水（PH：1#7.2  2#7.7）                                                                                                                                                                                                     22:06分再生3#阴床，进碱浓度：3.2% 3.2%
2021-5-71:34分再生2#阳床，进酸浓度：3.1%，3.0%。       4:00分分中和排水（PH：1#6.7  2#8.3）,"2021-5-711:20分再生1#阴床，进碱浓度：3.0% 3.1%
14:20分再生1#阳床，进酸浓度：3.0%，3.0%。 ",2021-5-7清洗1#、5#过滤器                           16:25分分中和排水（PH：1#7.2 2#8.0）
2021-5-83:52分再生2#阴床，进碱浓度：3.2%，3.2%。     6:15再生3#阳床，进酸浓度：3.0%，3.0%。,2021-5-88:20分分中和排水（PH：1#8.6 2#8.0）,2021-5-818:41分再生2#阳床，进酸浓度：3.0% 2.9%       23:26分再生3#阴床，进碱浓度：3.2% 3.2%
2021-5-93:29分再生1#阳床，进酸浓度：2.9% 2.9% ,,
2021-5-101:11分再生2#阳床，进酸浓度：2.9% 3.0%            4:56分中和排水（PH：1#6.87  2#7.9）,"2021-5-107：44分再生2#阴床，进碱浓度：3.0% 3.2%
9:52分再生3#阳床，进酸浓度：3.0% 3.0% 
12:06分中和排水（PH：1#8.2  2#7.9）
14:12分再生1#阳床，进酸浓度：2.9% 3.0%  ",
2021-5-11清洗1#过滤器                                             00:53分再生3#阴床，进碱浓度：3.0% 3.0%               04:00分中和排水（PH：1#7.5  2#7.8）,2021-5-1116:05分再生2#阳床，进酸浓度：3.0% 2.9%       15:23分再生1#阴床，进碱浓度：3.0% 3.0%,2021-5-1118:00分中和排水（PH：1#7.5  2#7.8）
2021-5-127:40分再生1#阳床，进酸浓度：3.0% 3.1%,2021-5-12清洗4#、5#过滤器                                             9:37分再生3#阴床，进碱浓度：3.0% 3.0%               11:15分中和排水（PH：1#7.5  2#7.8）                           12:39分再生3#阳床，进酸浓度：3.0% 3.0% ,2021-5-1220:04分再生2#阴床，进碱浓度：3.1%，3.0%。          22:20分中和排水（PH：1#7.8  2#7.5）   
2021-5-13清洗1#、2#、4#、5#过滤器                                                   6:50分再生1#阳床，进酸浓度：3.0% 3.1%,2021-5-13清洗1#、4#过滤器                                                   ,2021-5-1317：33分再生2#阳床，进酸浓度：3.0% 2.9%        20:57分中和排水（PH：1#6.75  2#7.5）
2021-5-14清洗1#、2#、4#、5#过滤器     ,2021-5-14清洗4#过滤器 ,2021-5-1419:51分再生2#阴床，进碱浓度：3.1%，3.0%
2021-5-1500:35分中和排水（PH：1#6.75  2#7.5）          清洗1#、2#过滤器   ,2021-5-1510:55分再生2#阴床，进碱浓度：3.1%，3.0%,2021-5-1520:34分再生3#阳床，进酸浓度：3.0% 2.9%                                                                                                                                                                                              22：45分中和排水（PH：1#7.2  2#7.7）   
2021-5-1606:20分再生2#阳床，进酸浓度：3.0% 2.9% ,,2021-5-16清洗1#过滤器
2021-5-17清洗2#过滤器                                1:30分再生3#阴床，进碱浓度：2.9%，3.3%                                3:35分中和排水（PH：1#7.2  2#6.83）       06:28分再生1#阳床，进酸浓度：2.9% 2.9%,,
2021-5-185：13分再生2#阴床，进碱浓度：2.9%，3.3%        7:21分中和排水（PH：1#6.97  2#7.14）,2021-5-18清洗1#过滤器                                8:58分再生1#阴床，进碱浓度：2.9%，3.0%,"2021-5-1819:25分再生3#阳床，进酸浓度：2.9% 2.9%
21:20分中和排水（PH：1#6.75  2#8.21）
22:50再生2#阳床，进酸浓度：2.9% 2.9%"
2021-5-19清洗1#、2#、4#、5#过滤器,"2021-5-19清洗1#过滤器
10:24分再生1#混床，进酸浓度：3.0% 2.9%，进碱浓度3.1%  2.8%
12:40分中和排水（PH：1#7.18  2#6.99）",2021-5-1915:48分再生3#阴床，进碱浓度：2.9%，3.0%       17:35再生1#阳床，进酸浓度：2.9% 2.9%          20:00分中和排水（PH：1#7.18  2#6.99）
2021-5-20清洗1#、2#、5#过滤器,"2021-5-20清洗1#、2#、4#、5#过滤器
12:06再生2#阳床，进酸浓度：2.8% 2.9%   ",2021-5-2020:50分再生2#阴床，进碱浓度：2.9%，3.0%          22:50分中和排水（PH：1#7.18  2#6.99）
2021-5-211:59再生3#阳床，进酸浓度：2.8% 2.9%                      5:25分再生1#阴床，进碱浓度：2.9%，3.0%          7:10分中和排水（PH：1#7.06  2#7.59）,"2021-5-219:02再生1#阳床，进酸浓度：3.0% 2.9%   
15:48再生3#阴床，进碱浓度：3.0% 3.1",2021-5-21清洗4#过滤器                               19:39再生2#阳床，进酸浓度：3.0% 3.1%        19:55分中和排水（PH：1#7.06  2#7.59）
2021-5-22清洗1#、2#、4#、5#过滤器    ,2021-5-22清洗4#、5#过滤器    ,2021-5-22清洗4#、5#过滤器                                 19:27再生3#阴床，进酸浓度：2.9% 3.1%                   21:40分中和排水（PH：1#7.06  2#7.59）
2021-5-23清洗1#、4#、5#过滤器                                                                  0:58再生1#阴床，进酸浓度：2.9% 3.1%                  2:21再生1#阳床，进酸浓度：3.0% 3.1%                 4:15分中和排水（PH：1#7.5  2#8.0）,2021-5-23清洗4#、5#过滤器                                           14:40再生3#阳床，进酸浓度：3.0% 3.1% ,2021-5-23清洗1#、2#、4#、5#过滤器                                           
2021-5-24清洗1#、2#、4#、5#过滤器 ,2021-5-248：05再生2#阴床，进酸浓度：2.9% 3.0%   ,2021-5-24清洗1#、2#、3#、5#过滤器                                                                  15:58再生2#阳床，进酸浓度：3.0% 3.1%                  19:09再生1#阴床，进碱浓度：3.0% 3.0%                 21:19分中和排水（PH：1#5.62  2#8.37）
2021-5-25清洗4#过滤器                                0:43再生1#阳床，进酸浓度：2.9% 3.1%             6:24再生1#阴床，进碱浓度：3.0% 3.0%,"2021-5-25清洗4#、5#过滤器        
9：10分中和排水（PH：1#6.8  2#8.37）
",2021-5-25清洗1#、2#、3#、4#、5#过滤器  
2021-5-262:24分再生1#阳床，进酸浓度：2.9% 3.1%                                                                                                                                                                                                                    清洗1#、2#、3#、4#、5#过滤器   ,2021-5-26清洗4#、5#过滤器   ,2021-5-26清洗1#、2#、3#、4#、5#过滤器                                  21:40再生3#阴床，进碱浓度：3.0% 3.0%                            23：20分中和排水（PH：1#6.9  2#7.28）
2021-5-272:23再生2#阳床，进酸浓度：2.8% 3.1%                  4:12再生2#阴床，进碱浓度：3.0% 3.0%                 6:55分中和排水（PH：1#5.62  2#8.37）,2021-5-279:00再生3#阳床，进酸浓度：2.9% 3.1%     ,2021-5-2720:37分再生2#阴床，进碱浓度：3.0%，2.9%。 23:20分中和排水（PH：1#7.2  2#8.0）
2021-5-28清洗1#、2#、3#、4#、5#过滤器                    1:57分再生1#阳床，进酸浓度：3.0% 2.9%     ,"2021-5-2811:10分再生2#阴床，进碱浓度：3.0% 2.9%     
14:20分中和排水（PH：1#7.2  2#6.81）",2021-5-28清洗1#、2#、4#、5#过滤器                                                   16:51再生2#阳床，进酸浓度：3.1% 3.2% 
2021-5-29清洗1#、2#、4#、5#过滤器  ,2021-5-29清洗1#、4#、5#过滤器                      15:36再生3#阴床，进碱浓度：3.1% 3.2% ,2021-5-29清洗1#、2#、4#、5#过滤器                       21：05再生1#阳床，进酸浓度：3.1% 3.2%      23:15再生1#阴床，进碱浓度：3.:0% 3.2%
2021-5-301:30分中和排水（PH：1#7.2  2#8.0）,2021-5-30清洗4#过滤器,2021-5-30清洗1#、2#、4#、5#过滤器 
2021-6-100:35再生2#阴床，进酸浓度：3.3%，3.0%。      04: 20分中和排水（PH：1#7.2  2#8.0）        06:30分再生1#阳床，进酸浓度：3.2%，3.2%。 ,2021-6-1洗4#、5#过滤器,
2021-6-2洗4#、5#过滤器                              1:12再生1#阴床，进碱浓度：3.3%，3.0%。              04: 20分中和排水（PH：16.83  2#7.34）,"2021-6-29:12分再生2#阳床，进酸浓度：3.2%，3.3%。 
15:39分再生2#阴床，进碱浓度：2.9%  3.0%",2021-6-217:30分中和排水（PH：14.3  2#8.05）                21:22分再生3#阳床，进酸浓度：3.2%，3.3%
2021-6-36:50分再生1#阳床，进酸浓度：3.2%，2.9%,2021-6-39:30分中和排水（PH：7.6  2#8.11）    ,2021-6-316:58分再生2#阳床，进酸浓度：3.2%，2.9%
2021-6-404:42分再生3#阴床，进碱浓度：3.0%，2.9%     07:30分中和排水（PH：6.7  2# 8.66）  ,2021-6-4洗4#过滤器   ,2021-6-4洗4#、5#过滤器                                 20:30分再生1#阳床，进酸浓度：3.2%，2.9%
,,2021-6-5洗1#、4#、5#过滤器 
2021-6-6洗2#、4#过滤器                                                                            00:00分再生2#阴床，进碱浓度：3.0%，3.1%                   2:00分中和排水（PH：7.5  2# 8.5） ,2021-6-6洗4#、5#过滤器                                                                            07:59分再生3#阳床，进酸浓度：3.0%，3.1%                    ,2021-6-6洗2#、4#过滤器                                     20:22分再生3#阴床，进碱浓度：3.0%，3.1%    22:30分中和排水（PH 1# 8.03  2# 8.5）
2021-6-7洗1#、2#过滤器                                                           0:21分再生2#阳床，进酸浓度：3.0%，3.1%  ,2021-6-7洗4#、5#过滤器     ,2021-6-722:42分再生3#阴床，进碱浓度：3.0%，3.1%                                                                                                  洗2#3#过滤器
2021-6-8洗1#、2#3#、4#、5#过滤器                                   2:07分再生1#阳床，进酸浓度：3.0%，3.1%  ,"2021-6-812:25分再生3#阴床，进碱浓度：3.0%，2.9%   
14：30分中和排水（PH 1# 8.03  2# 7.9）","2021-6-819:42分再生3#阳床，进酸浓度：3.0%，2.9%   
"
2021-6-9洗1#、2#3#、4#、5#过滤器                               7:00分再生2#阴床，进碱浓度：3.2%，3.0%   ,"2021-6-99:40分中和排水（PH 1# 8.03  2# 8.09）
11:37分再生2#阳床，进酸浓度：3.0%，3.0% ",2021-6-916:27分再生1#阳床，进酸浓度：3.0%，3.0% 
2021-6-10洗洗2#、3#过滤器,,2021-6-10清洗1#、2#、3#过滤器                                                      16:20分再生3#阳床，进酸浓度：3.0%，3.0% 
2021-6-11洗洗1#、2#、3#过滤器,"2021-6-11洗1#、2#、3#过滤器
9：25分再生2#阴床，进碱浓度：3.1%，3.0%   
12:50分中和排水（PH 1# 8.03  2# 7.75）",2021-6-11洗1#、2#、3#过滤器                                                         18:21分再生2#阳床，进酸浓度：3.0%，3.0%                                                                                  21:25分再生3#阴床，进碱浓度：3.0%，2.9%              23：10分中和排水（PH 1# 8.50  2# 7.80） 
2021-6-12洗2#、3#、4#过滤器                                                         2:16分再生1#阳床，进酸浓度：3.0%，3.0%                                                                                    ,,2021-6-12洗1#2#、3#、4#、5#过滤器 
2021-6-13洗1#、2#、3#过滤器                                                         23:44分再生3#阴床，进碱浓度：3.0%，2.9%                01：55分中和排水（PH 1# 8.42  2# 5.80）                                                                                  04:41分再生2#阳床，进酸浓度：3.0%，3.0%  ,2021-6-1310：16分再生2#阴床，进碱浓度：3.0%，2.9%   13:13分中和排水（PH 1# 8.42  2# 5.80）                   洗4#、5#过滤器    ,2021-6-1317:10分再生3#阳床，进酸浓度：3.0%，3.0%                                               洗1#、2#、3#、4#、5#过滤器
2021-6-14洗2#、3#过滤器                                                                0:17分再生3#阴床，进碱浓度：3.0%，2.9%                02:10分中和排水（PH 1# 8.05  2# 7.90）                  04:33分再生1#阳床，进酸浓度：3.0%，3.0%            ,2021-6-14清洗4#、5#过滤器,2021-6-14洗1#、2#、3#过滤器
2021-6-15洗1#、2#、5#过滤器                                           04:55分再生2#阳床，进酸浓度：3.0%，3.0%               02:10分中和排水（PH 1# 8.5  2# 7.8）                 ,2021-6-15洗1#过滤器       ,2021-6-15洗1#、2#、3#、4#、5#过滤器                                           22:50分再生1#阳床，进酸浓度：3.0%，3.0%   
2021-6-16洗1#、2#、3#、4#、5#过滤器,2021-6-168:43分再生3#混床，进酸浓度：2.9%，3.0%，进碱浓度：3.1%，3.0%。,2021-6-1615:34分再生2#阳床，进酸浓度：3.0%，3.0%     19:10分中和排水（PH 1# 7.2  2# 6.8）                                                           20:10分再生3#阳床，进酸浓度：3.0%，3.0%       22:20分再生3#阴床，进碱浓度：3.0%，3.0%          
2021-6-1700:20分中和排水（PH 1# 7.2  2# 6.8）           02:50分再生2#阴床，进碱浓度：3.0%，3.0%        05:50分再生1#阳床，进酸浓度：3.0%，3.0% ,2021-6-178:30分中和排水（PH 1# 7.5  2# 6.2）                    清洗2#、3#过滤器  ,2021-6-17清洗4#、5#过滤器  
2021-6-18清洗2#、3#过滤器                                01:55分再生2#阳床，进酸浓度：3.0%，3.0%,,2021-6-18清洗1#、2#、5#过滤器                                                                                 18:30分再生1#阳床，进酸浓度：3.0%，3.0%              20:15分中和排水（PH 1# 7.6  2# 8.0）
2021-6-190:04分再生2#阴床，进碱浓度:3.0% 3.0%            2:15分再生3#阴床，进碱浓度:3.0% 3.0%             4:20分中和排水（PH 1# 7.0 2# 7.6）   ,2021-6-1914:55分再生2#阳床，进酸浓度：3.0%，3.0%,2021-6-19清洗1#、2#、3#、4#过滤器                                                               17:43分再生3#阳床，进酸浓度：3.0%，3.0%               19:10分中和排水（PH 1# 7.5 2# 7.8）
2021-6-20清洗1#过滤器                                                               07:30分再生1#阳床，进酸浓度：3.0%，3.0%               ,2021-6-20清洗2#过滤器,2021-6-2021:00分再生2#阳床，进酸浓度：3.0%，3.0% 
2021-6-210:10分中和排水（PH 1# 7.5 2# 7.8）         1:57分再生3#阳床，进酸浓度：3.0%，3.0%               ,"2021-6-2110：55分再生3#阴床，进碱浓度:2.9% 3.0%   
13:00分中和排水（PH 1# 7.5 2# 8.2）     ",2021-6-2117:55分再生1#阳床，进酸浓度：3.0%，3.0%      清洗4#、5#过滤器
2021-6-22清洗1#、2#、3#、4#过滤器                                                               0:25分再生2#阴床，进碱浓度:3.0% 3.1%                 2:00分中和排水（PH 1# 7.7 2# 8.0）                     07:33分再生1#阴床，进碱浓度:3.0% 3.1%,"2021-6-2212:27分再生2#阳床，进酸浓度：2.9%，3.0%   
14:40分中和排水（PH 1# 7.7 2# 8.6） ",2021-6-2221:46分再生3#阳床，进酸浓度：2.9% 3.0%
2021-6-23清洗1#、2#、3#、4#、5#过滤器   ,"2021-6-23清洗1#、5#过滤器   
11：38分再生3#阴床，进碱浓度:3.2% 3.1%   
14:05分中和排水（PH 1# 7.8 2# 8.2） ",2021-6-23清洗2#过滤器                                     16:10分再生1#阳床，进酸浓度：3.0% 3.0%           19:25分再生1#阴床，进碱浓度：3.1% 3.1%            21:20分中和排水（PH 1# 7.1 2# 7.5） 
2021-6-24清洗1#、2#、3#、4#、5#过滤器                                                                     1:30分再生2#阳床，进酸浓度：3.0% 3.0% ,"2021-6-24清洗1#、3#过滤器    
10：10分再生1#阳床，进酸浓度：2.9% 3.0% 
14:30分再生3#阳床，进酸浓度：3.0% 3.0% ","2021-6-2418：39分再生2#阴床，进碱浓度：2.9% 3.0% 
22:40分再生1#阳床，进酸浓度：3.0% 3.0% "
2021-6-25清洗1#、2#、3#、4#、5#过滤器  ,2021-6-258:08分再生2#阳床，进酸浓度：3.0% 3.0%                     10：40分中和排水（PH 1# 7.8 2# 8.2）,2021-6-25清洗1#、2#、3#过滤器                        23:30分再生3#阴床，进碱浓度：3.0% 3.0%                     
2021-6-262:48分再生1#阳床，进酸浓度：3.0% 3.0%              7:10分中和排水（PH 1# 7.0 2# 7.2）,2021-6-26清洗4#、5#过滤器 ,2021-6-2623:15分再生1#阳床，进酸浓度：3.0% 3.0%
2021-6-27清洗1#、2#、3#过滤器                                3:50分再生1#阳床，进酸浓度：3.0% 3.2%,2021-6-27清洗4#、5#过滤器                                            8:30分再生2#阳床，进酸浓度：3.0% 3.2%                                       10:55分再生3#阴床，进碱浓度：3.0% 3.0%                      13:20分中和排水（PH 1# 7.3 2# 7.0）                          15:47分再生1#阳床，进酸浓度：3.0% 3.2%,2021-6-2718:05分再生2#阴床，进碱浓度：3.1% 3.2%                             19:55分中和排水（PH 1# 7.5 2# 7.8）                          
2021-6-28清洗3#过滤器 ,2021-6-289:34分再生3#阳床，进酸浓度：3.0% 3.0%                              14:12分再生1#阴床，进碱浓度：3.1% 3.1% ,2021-6-2816:35分中和排水（PH 1# 7.1 2# 7.3）                      20:07分再生2#阳床，进酸浓度：3.0% 3.0%                        21:58分再生1#阳床，进酸浓度：3.0% 3.0%
2021-6-2900:35分中和排水（PH 1# 6.9 2# 7.7）                      03:14分再生2#阳床，进酸浓度：3.0% 3.0%                        ,2021-6-2914:20分再生1#阳床，进酸浓度：3.0% 3.0% ,2021-6-2916:40分中和排水（PH 1# 7.0 2# 7.4）                     14:20分再生3#阳床，进酸浓度：3.0% 3.0%                                  14:12分再生3#阴床，进碱浓度：3.1% 3.1%                          23:10分中和排水（PH 1# 7.2 2# 7.5）
2021-7-15:00分再生1#阳床，进酸浓度：3.1% 3.2%                 6:40分中和排水（PH 1# 7.5 2# 7.8）,,2021-7-116:30分再生3#阳床，进酸浓度：2.9% 2.9%          23:28分再生3#阴床，进酸浓度：3.2% 2.9% 
2021-7-201:40分中和排水（PH 1# 7.5 2# 7.8）            3:00分再生1#阳床，进酸浓度：2.9% 2.9% ,,2021-7-218:18分再生1#阴床，进碱浓度：2.9% 2.9%      20:28分中和排水（PH 1#7.18 2# 6.4）            22:00分再生2#阳床，进酸浓度：3.0% 3.0% 
2021-7-300:26分再生1#阳床，进酸浓度：3.0% 3.0%          02:40分中和排水（PH 1#7.18 2# 6.4）            06:36分再生3#阳床，进酸浓度：3.0% 3.0% ,2021-7-311:00分再生2#阴床，进碱浓度：2.9% 2.9%      13:20分中和排水（PH 1#6.88 2# 6.75）   ,2021-7-316:18分再生2#阳床，进酸浓度：2.9% 2.9%     19:23分再生3#阴床，进碱浓度：2.9% 2.9%        22:54分中和排水（PH 1#7.01 2# 5.97）   
2021-7-42:07分再生1#阳床，进酸浓度：3.0% 2.9%,2021-7-413:20分再生1=3#阳床，进酸浓度：3.0% 2.9%,2021-7-4清洗3#、4#、5#过滤器                         17:50分中和排水（PH 1#7.01 2# 5.97）          23:40再生1#阳床，进酸浓度：3.0% 2.9%                                    
2021-7-5清洗1#过滤器,"2021-7-512:05分再生3#阴床，进碱浓度：3.1% 2.9%    
14:20分中和排水（PH 1#7.01 2# 6.9）   ",2021-7-516:03分再生2#阳床，进酸浓度：3.3% 3.0%     18:57分再生1#阳床，进碱浓度：3.0% 2.9%        20:50分中和排水（PH 1#7.01 2# 5.97）  
,2021-7-68:05分再生2#阴床，进碱浓度：3.2% 3.3%,2021-7-616:00分再生1#阳床，进碱浓度：3.0% 2.9%           18:00分中和排水（PH 1#7.01 2# 6.9）
2021-7-71:25分再生1#阳床，进酸浓度：3.0% 2.9%        清洗1#、3#过滤器,"2021-7-79:50分再生3#阳床，进酸浓度：3.0% 3.1%   
11:05分中和排水（PH 1#7.01 2# 7.5）  
15:36分再生3#阴床，进碱浓度：3.0% 3.2%",2021-7-718:26分再生2#阳床，进酸浓度：3.0% 3.1%           20:05分中和排水（PH 1#7.01 2# 7.5）              21:22分再生1#阳床，进酸浓度：3.0% 3.1% 
2021-7-801:20分中和排水（PH 1#7.18 2# 6.4）            1:55分再生1#混床，进酸浓度：3.0% 3.0% 进碱浓度3.1%  2.8%                                            6:40分中和排水（PH 1#7.01 2# 5.97）  ,"2021-7-814:50分中和排水（PH 1#7.18 2# 6.4）  
12:15分再生1#阳床，进酸浓度：3.0% 3.1% ",
2021-7-93:00分再生1#阳床，进酸浓度：3.1% 3.2%   ,"2021-7-912:40分中和排水（PH 1#7.66 2# 7.2）  
10:27分再生2#阴床，进碱浓度：3.0% 3.1%",2021-7-917:00分再生1#阳床，进酸浓度：3.1% 3.3% 
2021-7-100:50分再生3#阳床，进酸浓度：3.0%，3.0%。        4:48分再生3#阴床，进碱浓度：3.0%，3.0%。            7:00分中和排水（PH 1#7.9 2# 7.6）  ,2021-7-109:36分再生1#阳床，进酸浓度：3.0% 2.9%                 12:36分中和排水（PH 1#8.19 2# 6.7）               14:22分再生2#阳床，进酸浓度：3.0% 3.1%  ,2021-7-1020.00分中和排水（PH 1#8.74 2# 6.42）               21:25分再生2#阳床，进酸浓度：3.0% 3.1%  
2021-7-110:35分再生3#阳床，进酸浓度：2.8%，2.9%。         2:50分中和排水（PH 1#8.1 2# 6.7）              6:17分再生1#阳床，进酸浓度：3.0%，3.0%。,,2021-7-1115:56分再生3#阴床，进碱浓度：3.1%，3.0%。    18:00分中和排水（PH 1#8.1 2# 6.7）          
2021-7-12清洗1#过滤器                                     4:50分再生1#阳床，进酸浓度：3.0% 3.0%             7:30分中和排水（PH 1# 7.9 2# 8.5）,"2021-7-12清洗2#、3#过滤器       
12:20分再生3#阳床，进酸浓度：2.9% 3.0%     
14:55分再生2#阴床，进碱浓度：3.1%，3.2%。 ",2021-7-12清洗4#过滤器                                     18:30分中和排水（PH 1# 7.4 2# 6.5）
2021-7-13清洗1#、2#、3#、5#过滤器,"2021-7-138:00分再生1#阳床，进酸浓度：2.9% 3.0%     
14:10分再生3#阳床，进酸浓度：3.1% 3.2%     ",2021-7-1317:00分中和排水（PH 1#6.19 2# 6.7）      
"2021-7-140:00分再生1#阴床，进碱浓度：2.9% 3.0%     
2:00分再生1#阳床，进酸浓度：3.1% 3.2%        4:00分中和排水（PH 1#6.19 2# 6.7）    ",2021-7-1411：45分再生3#阴床，进碱浓度：2.9% 2.8%    ,2021-7-1417:34分再生2#阳床，进酸浓度：3.2%，3.0%。  20:00分中和排水（PH 1#6.3 2# 6.8）    
2021-7-1503:30分再生3#阳床，进酸浓度：3.2%，3.0%。   ,2021-7-1511:45分再生1#阳床，进酸浓度：2.9%，3.0%。 ,2021-7-1515:35分再生3#阴床，进碱浓度：3.2%，3.2%。   19:44分再生2#阳床，进酸浓度：3.2%，3.2%。  21:50分中和排水（1# 7.5 2# 7）
2021-7-1600:11分再生3#混床，进酸浓度：2.9% 3.0% 进碱浓度3.1%  3.0%                                            5:00分中和排水（PH 1#7.01 2# 5.97）               6:38再生2#阴床，进碱浓度：3.2%，3.2%。 ,2021-7-169:31分再生3#阴床，进碱浓度：3.2%，3.2%。   12:20分中和排水（PH 1#7.01 2# 5.97）       15:00分再生1#阳床，进酸浓度：3.2%，3.2%。,2021-7-16清洗1#、2#过滤器
2021-7-1700:40分再生2#阳床，进酸浓度：2.9%  3.2%             3:00分中和排水（PH 1#7.04 2# 6.45）,,2021-7-1719:34分再生1#阳床，进酸浓度：3.2% 3.2% 
2021-7-18清洗1#、2#、3#、4#、5#过滤器                                      03:59分再生2#阳床，进酸浓度：2.9%  3.2%             7:10分中和排水（PH 1#7.04 2# 6.45）,,2021-7-1820:55分再生1#阳床，进酸浓度：2.9%  3.2% 
2021-7-1900:01分再生3#阴床，进碱浓度：3.2%，3.2%。       2:10分中和排水（PH 1#7.04 2# 6.45）          07:25分再生2#阴床，进碱浓度：3.2%，3.2%。   ,"2021-7-198:00分再生3#阳床，进酸浓度：3.0%  3.2% 
10:20分中和排水（PH 1#7.5 2# 8.1）  
12:01分再生2#阳床，进酸浓度：3.0%  3.1% ",2021-7-1917:00分再生2#阴床，进碱浓度：3.2%，3.2%。 19:30分中和排水（PH 1#7.5 2# 8.1）
2021-7-20清洗1#、2#、3#过滤器                             7:17分再生1#阳床，进酸浓度：3.2% 3.2%,2021-7-2014:43分再生3#阴床，进碱浓度：2.8%，3.0%。 ,"2021-7-2017:00分中和排水（PH 1#6.66 2# 7.2）  
20:25分再生2#阳床，进酸浓度：3.0% 3.1%"
2021-7-21清洗4#、5#过滤器                               4:24分再生3#阳床，进酸浓度：3.0% 3.0%       6:40分中和排水（PH 1# 8.3 2# 7.9）,"2021-7-21清洗5#过滤器         
11:00分再生1#阳床，进酸浓度：2.8% 3.0% ",2021-7-2118:20分再生1#阴床，进酸浓度：3.0%  3.1%              20:50分中和排水（PH 1# 8.30 PH 2# 6.76）
2021-7-2200:50分再生2#阳床，进酸浓度：3.0%  3.1%              ,"2021-7-228:00分再生3#阳床，进酸浓度：3.2%  3.1%  
11:00分中和排水（PH 1# 8.30 PH 2# 7.2）
13:51分再生2#阳床，进酸浓度：2.9%  3.0%  ",2021-7-22清洗1#、2#、3#、4#、5#过滤器                                   20:00分再生1#阴床，进酸浓度：3.0%  3.1%              22:50分中和排水（PH 1# 8.30 PH 2# 6.76）
2021-7-2307:26分再生2#阳床，进酸浓度：2.8% 3.0% ,,2021-7-2320:20分再生1#阳床，进酸浓度：3.0%，3.0%。   23:10分中和排水（PH 1# 8.30 PH 2# 7.2）
2021-7-242:22分再生3#阴床，进碱浓度：3.0%，3.0%                  6:30分再生2#阳床，进酸浓度：3.0% 3.1% ,2021-7-2408：40分中和排水（PH 1# 7.14 PH 2# 6.96）,
2021-7-253:53分再生2#阳床，进酸浓度：3.2%，3.0%                6:37分再生1#阳床，进酸浓度：2.9%，3.0%            ,2021-7-2508：40分中和排水（PH 1# 7.14 PH 2# 6.96）,2021-7-25清洗5#过滤器                               17:15分再生2#阴床，进酸浓度：2.9%  2.9%         23：30分再生1#阳床，进酸浓度：3.0%，3.1%
2021-7-26清洗4#、5#过滤器                                       0：40分中和排水（PH 1# 7.3 PH 2# 6.15）,"2021-7-268:39分再生2#阳床，进酸浓度：3.1%，3.1%
12:05分中和排水（PH 1# 7.5 PH 2#8.3）
13：45分再生3#阳床，进酸浓度：3.0%，3.1%","2021-7-2616:42分再生1#阳床，进酸浓度：3.1%，3.1%    18:57分中和排水（PH 1# 6.9 PH 2#8.24）           21:57分再生3#阳床，进酸浓度：3.1%，3.1%
22:35分再生3#阴床，进碱浓度：3.0%，3.1%"
2021-7-271:00分中和排水（PH 1# 7.2 PH 2#7.4）,,"2021-7-2717:33分再生2#阳床，进酸浓度：3.1%，3.1%
20:27分再生1#阴床，进碱浓度：3.0%，3.1%   23:00分中和排水（PH 1# 6.9 PH 2#8.24）"
2021-7-28清洗1#过滤器                                      1:51分再生1#阳床，进酸浓度：2.9%，3.1%          6:24分再生3#阳床，进酸浓度：3.0%，3.1%,"2021-7-28清洗1#、5#过滤器        
8:00分中和排水（PH 1# 7.43 PH 2#8.01） 
15:14分再生2#阳床，进酸浓度：3.0%，3.1%     ",2021-7-2821:00分再生2#阴床，进碱浓度：3.3% 3.2%               23:10分中和排水（PH 1# 7.03 PH 2#6.75） 
2021-7-29清洗2#、3#过滤器                                    3:50分再生3#阴床，进碱浓度：3.3% 3.2%,2021-7-29清洗1#、2#、3#、3#、5#过滤器    ,2021-7-2919:10分再生3#阳床，进酸浓度：3.0% 3.1%                21:10分中和排水（PH 1# 7.03 PH 2#7.7）
"2021-7-3001:03分再生2#阳床，进酸浓度：3.1%，3.1%    05:00分中和排水（PH 1# 7.14 PH 2#7.44）           03:40分再生1#阳床，进酸浓度：3.1%，3.1%
",2021-7-3013:46分再生3#阳床，进酸浓度：3.0%，2.8%   ,2021-7-3019:20分中和排水（PH 1# 7.2 PH 2#7.5）              21:48分再生2#阳床，进酸浓度：3.0%，3.0%。
"2021-8-10:55分再生3#阳床，进酸浓度：3.1%，3.1%
3:30分再生2#阳床，进酸浓度：3.0%，3.1%      5:55分中和排水（PH 1# 6.9 PH 2#8.24）",2021-8-1清洗1#、2#、3#、4#、5#过滤器,2021-8-121:34分再生3#阳床，进酸浓度：2.9%，3.3%
"2021-8-200:20分中和排水（PH 1#7.8 PH 2#6.24）               1:46分再生1#阳床，进酸浓度：3.1%，3.1%
4:20分再生1#阴床，进碱浓度：3.0%，3.1%      6:25分中和排水（PH 1#7.6 PH 2#8.24）",2021-8-210：50分再生2#阳床，进酸浓度：3.0%，3.0%,2021-8-220:50分再生3#阳床，进酸浓度：2.9%，3.0%            22:30分中和排水（PH 1# 6.84 PH 2# 7.24）
2021-8-35:20分再生3#阴床，进碱浓度：3.0%，3.1%,"2021-8-312:28分再生1#阳床，进酸浓度：3.1%，3.0%  
14:40分中和排水（PH 1#8.37 PH 2#8.1）","2021-8-318:28分再生3#阳床，进酸浓度：3.1%，3.1%
22:30分再生2#阴床，进碱浓度：3.0%，3.1%      "
2021-8-400:20分中和排水（PH 1#8.37 PH 2#8.1）            03:12分再生2#阳床，进酸浓度：3.1%，3.1%,2021-8-4清洗1#、2#、3#、4#、5#过滤器,2021-8-417:00分再生3#阳床，进酸浓度：3.1%，3.1%
2021-8-5清洗1#、2#过滤器                                         6:22分再生1#阳床，进酸浓度：3.3%，3.1%,2021-8-512:20分再生3#阴床，进碱浓度：3.0%，3.1%   14:10分中和排水（PH 1#8.37 PH 2#8.1）,2021-8-519：00分再生2#阳床，进酸浓度：3.0%，3.0%          23:04分再生3#阳床，进酸浓度：2.9%，3.0% 
,,2021-8-616：45分再生1#阳床，进酸浓度：3.0%，3.2%          19:20分再生3#阳床，进酸浓度：2.9%，3.1%           21:35分中和排水（PH 1#8.37 PH 2#7.1）
2021-8-702:54分再生2#阳床，进酸浓度：3.0%，3.2%          06:25分再生2#阴床，进碱浓度：2.9%，3.1%           ,2021-8-713:12分再生1#阴床，进碱浓度：2.9%，2.9% ,2021-8-719:10分再生3#阳床，进酸浓度：3.0%，3.2%             21:30分中和排水（PH 1#8.37 PH 2#7.1）
2021-8-80:01分再生3#阴床，进碱浓度：2.9%，2.9% ,2021-8-812:45分再生1#阳床，进酸浓度：3.0%，3.1%,2021-8-818:56分再生2#阳床，进酸浓度：3.0%，3.1%           21:46分再生3#阳床，进酸浓度：3.0%，3.1%
2021-8-9清洗1#、2#、3#、4#、5#过滤器                         00:50中和排水（PH 1# 7.5 PH 2# 6.7 ）,"2021-8-9清洗1#、2#、3#、4#、5#过滤器   
白班更换外送泵流量计。  ",2021-8-922:40分再生1#阳床，进酸浓度：3.0%，3.1%              接上班更换外送泵流量计，已接好线，流量无显示，待明日白班继续处理
2021-8-10清洗1#、2#过滤器                                    00:50分再生3#阳床，进酸浓度：2.9% 3.0%                             3:00分 中和排水（PH 1# 6.52 2# 7.31）,2021-8-108:00分再生2#阳床，进酸浓度：3.1% 3.0%  ,2021-8-1019:21分再生3#阴床，进碱浓度：2.9%，2.9%         23:30分再生3#阳床，进酸浓度：3.1% 3.0%            21:30分 中和排水（PH 1# 6.99 2# 7.31）
2021-8-112:20分再生2#阴床，进碱浓度：2.8%，2.8%。        4:30分中和排水（PH 1# 6.9 2# 7.6）             6:00分再生1#阳床，进酸浓度：3.1%，3.0%。,2021-8-1112:39分再生2#阳床，进酸浓度：2.9%  3.1%              14:50分中和排水（PH 1# 7.1  2# 7.6） ,2021-8-1116:05分再生1#混床，进酸浓度：2.9%  3.1% ，进碱浓度：2.8%，2.8%。                          20:10分中和排水（PH 1# 6.9  2# 6.44） 
2021-8-121:10分再生分再生3#阳床，进酸浓度：3.1%，3.0%。4:26分再生3#阴床，进碱浓度：3.2%，2.8%。      6:40分中和排水（PH 1# 6.5 2# 7.9）  ,"2021-8-12清洗1#、2#、3#、4#、5#过滤器  
8:41分再生2#阴床，进碱浓度：3.0%，2.9%。 ",2021-8-1217:35分再生1#阳床，进酸浓度：3.1%，3.0%。  19:40分中和排水（PH 1# 6.5 2# 7.9）         20:50分再生3#阴床，进碱浓度：3.2%，2.8%。        
2021-8-132：33分再生2#阳床，进酸浓度：3.1%，3.0%            6:35分中和排水（PH 1# 6.5 2# 7.9）,2021-8-139:21分再生3#阳床，进酸浓度：2.9%，2.8%   ,2021-8-13清洗2#、3#过滤器 
2021-8-14清洗1#、4#、5#过滤器,2021-8-148:20分再生1#阴床，进碱浓度：3.1%，3.0%。        10：35分中和排水（PH 1# 7.5 2# 7.2）,2021-8-14清洗1#、2#、3#、4#、5#过滤器 
2021-8-1505:54分再生2#阳床，进酸浓度：3.1%，3.0%。        ,2021-8-159:16分再生3#阳床，进酸浓度：2.9%，3.0%        15:08分再生1#阳床，进酸浓度：3.1%，3.0%,2021-8-15清洗1#、2#、4#、过滤器 
,2021-8-1613：30分中和排水（PH 1# 7.2 2# 7.9）         11:34分再生2#阴床，进碱浓度：3.0%，3.1%。 ,2021-8-1617:35分再生3#阳床，进酸浓度：3.0%，3.2%。
2021-8-171:31分再生2#阳床，进碱浓度：2.8%，2.8%。        4:20分中和排水（PH 1# 6.9 2# 7.6）             6:45分再生3#阴床，进酸浓度：3.1%，3.0%。,2021-8-17清洗1#、2#、3#、4#、5#过滤器 ,2021-8-1722:50分再生3#阳床，进碱浓度：2.9%，3.0%
2021-8-1800:55分中和排水（PH 1# 6.73 2#  7.25)                   3：38分再生1#阳床进酸浓度：3.0%，3.2%  ,2021-8-1814：30分再生2#阳床进酸浓度：3.0%，3.1%  ,2021-8-18清洗1#、2#、3#过滤器 
2021-8-1906：33分再生3#阳床进酸浓度：3.0%，3.1%  ,2021-8-1913:50分再生1#阴床，进碱浓度：2.9%，3.0%。,2021-8-1916:20分中和排水（PH 1# 6.73 2#  7.25)      18:36分再生1#阳床进酸浓度：3.0%，3.1%      20:41分再生2#阴床进碱浓度：2.9%，3.0%。   23:00分中和排水（PH 1# 6.73 2#  7.25)  
2021-8-2003:30分再生3#阴床，进碱浓度：2.9%，3.0%            6:00分再生1#阳床，进酸浓度：3.0%，3.1%             7:20分中和排水（PH 1# 6.73 2#  7.25)  ,2021-8-2014:02分再生3#阳床，进酸浓度：3.0%，3.1%   ,2021-8-20清洗2#过滤器
2021-8-21清洗4#、5#过滤器,2021-8-2108:30分再生1#阴床，进碱浓度：2.9%，3.0%          10:10分中和排水（PH 1# 6.73 2#  7.25)            11:35分再生1#阳床，进酸浓度：3.0%，3.1%                                       14:05分再生2#阳床，进酸浓度：3.0%，3.1%,2021-8-21清洗1#、2#、3#、5#过滤器                          16:45分中和排水（PH 1# 6.82 2#  7.31)    
2021-8-225:03分再生3#阳床，进酸浓度：3.3%，3.1%            7:33分再生3#阴床，进碱浓度：2.9%，3.0% ,2021-8-2209:40分中和排水（PH 1# 6.73 2#  7.25)   ,2021-8-22清洗1#、2#、3#过滤器                                   17:35分再生1#阳床，进酸浓度：3.0%，3.2%  
2021-8-2301:32分再生2#阳床，进酸浓度：3.0%，3.1%    04:20分中和排水（PH 1# 6.88  2# 7.42)              06:28分再生2#阴床，进碱浓度：2.9%，3.0% ,2021-8-2315:48分再生1#阴床，进碱浓度：3.1%，3.0% ,2021-8-236:20分中和排水（PH 1# 6.88  2# 7.42)                 22:44分再生3#阳床，进酸浓度：3.0%，3.1%  
2021-8-2405:15分再生3#阴床，进碱浓度：2.9%，3.0%   07:20分中和排水（PH 1# 6.88  2# 7.42) ,"2021-8-2411:20分再生1#阳床，进酸浓度：3.0%，3.1% 
14:08分再生3#混床，进碱浓度：2.9%，3.0%  ，进酸浓度3.0%，3.1% ",2021-8-2406:10分中和排水（PH 1# 6.88  2# 7.42)               21:24分再生2#阳床，进酸浓度：3.0%，3.1% 
2021-8-25清洗3#、5#过滤器                                     2:24分再生3#阳床，进酸浓度：2.8%，3.0%  4:50分中和排水（PH 1#8.37 PH 2#6.7）  ,"2021-8-258:14分再生3#混床，进碱浓度：2.9%，3.0%  ，进酸浓度3.0%，3.1% 
12:10分中和排水（PH 1#8.37 PH 2#7.9）  ",2021-8-25清洗4#、5#过滤器                                 22:30分再生2#阳床，进酸浓度：2.9%，3.0%  
2021-8-264:34分再生1#阳床，进酸浓度：2.9%，3.1%              7:00中和排水（PH 1# 7.5 2#6.7）,2021-8-2614:05分再生2#阴床，进碱浓度：3.0%，3.1%    ,2021-8-2619:12分再生1#阴床，进碱浓度：3.0%，3.1% 
2021-8-271:00分再生3#阳床，进酸浓度：3.0%，2.8%。      4:30分再生2#阳床，进酸浓度：3.0%，3.0%。    7:45分中和排水（PH 1# 7.7  2#6.8）,2021-8-2714:32分再生3#阴床，进碱浓度：2.9%，3.0% ,2021-8-27清洗1#、2#、3#过滤器
2021-8-286:40分再生1#阳床，进酸浓度：3.0%，3.1%。,2021-8-28清洗1#、2#、3#、4#、5#过滤器                   9:00分中和排水（PH 1# 7.36  2# 6.71）,2021-8-2819:37分再生3#阳床，进酸浓度：3.0%，3.1%。
2021-8-296：22分再生2#阳床，进酸浓度：3.0%，3.1%,2021-8-298:50分中和排水（PH 1# 7.9  2# 6.8）,2021-8-29清洗1#、2#、3#、4#、5#过滤器               23:40再生2#阴床，进碱浓度：2.9%，3.0%
2021-8-30清洗1#过滤器                                2：16分再生1#阳床，进酸浓度：3.0%，3.1%           4:30分中和排水（PH 1# 7.83  2# 6.2）,2021-8-308:20再生3#阴床，进碱浓度：2.9%，2.8%,2021-8-3017:26分再生2#阳床，进酸浓度：3.0%，3.1%            19:25分中和排水（PH 1# 7.5  2# 8.2）
2021-9-13:00再生3#阴床，进碱浓度：2.9%，2.8%        4:25分中和排水（PH 1# 7.5  2# 8.2）        6:50分再生2#阳床，进酸浓度：3.0%，3.1% ,"2021-9-110:54再生2#阴床，进碱浓度：3.3%，3.1%   
14:10分中和排水（PH 1# 7.86  2# 8.2）  ",2021-9-116:15再生2#混床，进碱浓度：3.0%，3.0%，进酸浓度：3.0%，3.0%。                                       20:10分中和排水（PH 1# 7.13  2# 7.67）
2021-9-2清洗1#、2#、3#、4#、5#过滤器                                 4:18分再生1#阳床，进酸浓度：3.0%，3.1% ,,2021-9-222:15再生1#阴床，进碱浓度：3.0%，3.1% 
2021-9-3清洗1#、2#、4#、5#过滤器                                                        0:15分中和排水（PH 1# 7.5  2# 8.0）                 3:47分再生2#阳床，进酸浓度：3.0%，3.1%,2021-9-3清洗1#、2#、3#、4#、5#过滤器    ,2021-9-322:15再生3#阴床，进碱浓度：3.0%，3.0%           11:17分中和排水（PH 1# 6.83  2# 7.2）
2021-9-41:00分再生1#阳床，进酸浓度：3.0%，3.1%,2021-9-415:00分再生2#阴床，进酸浓度：3.2%，3.1%,2021-9-417:01分中和排水（PH 1# 7.64  2# 6.8）        18:53再生2#阳床，进酸浓度：3.0%，3.0% 
